sample_id,dataset,label,class_name_zh,class_name_en,image_path,source_image_id,paper_split,caption,lesion,location,extent,leaf_state,diagnostic_text,source_sha256,released_sha256
teapest4_c0_01,TeaPest-4,0,茶小绿叶蝉,Tea green leafhopper damage,images/teapest4/teapest4_c0_01.jpg,val__tp4_054b6958c762ac517c9a7277,val,少数叶片叶面及叶缘附近可见局部浅褐色至褐色不规则斑块，部分叶片颜色较浅并轻微卷曲。,少数叶片可见浅褐色至褐色不规则斑块，部分斑块边缘较深。,褐色斑块主要位于画面中央偏下及左上方叶片的叶面和叶缘附近。,零散分布于少数叶片，单叶局部小面积。,部分叶片颜色较浅，少数叶片叶缘轻微卷曲。,[病斑] 少数叶片可见浅褐色至褐色不规则斑块，部分斑块边缘较深。 [位置与分布] 褐色斑块主要位于画面中央偏下及左上方叶片的叶面和叶缘附近。 [程度与范围] 零散分布于少数叶片，单叶局部小面积。 [叶片状态] 部分叶片颜色较浅，少数叶片叶缘轻微卷曲。,f227d547df4ab42b2d33a153e63a80def99f2a7770e9e943d23eaea556cc6fd8,f227d547df4ab42b2d33a153e63a80def99f2a7770e9e943d23eaea556cc6fd8
teapest4_c0_02,TeaPest-4,0,茶小绿叶蝉,Tea green leafhopper damage,images/teapest4/teapest4_c0_02.jpg,val__tp4_e3bd40d7a851be1c46eb3745,val,密集叶片中可见零散褐色小斑，部分位于叶缘，少量嫩叶偏浅黄绿色。,少量叶片可见褐色小斑或褐色斑块，部分位于叶缘，边缘不规则。,褐色斑零散分布于画面中部、左侧及右侧的部分叶片叶缘和叶面局部。,画面内多片叶片可见局部小面积褐色斑。,多数叶片为绿色，部分嫩叶呈浅黄绿色；未见清晰孔洞或明显缺刻。,[病斑] 少量叶片可见褐色小斑或褐色斑块，部分位于叶缘，边缘不规则。 [位置与分布] 褐色斑零散分布于画面中部、左侧及右侧的部分叶片叶缘和叶面局部。 [程度与范围] 画面内多片叶片可见局部小面积褐色斑。 [叶片状态] 多数叶片为绿色，部分嫩叶呈浅黄绿色；未见清晰孔洞或明显缺刻。,bf0d6d53fb2562c0a7c6d9d2d9b14315beeee9133651661843abc8551e9d70c9,bf0d6d53fb2562c0a7c6d9d2d9b14315beeee9133651661843abc8551e9d70c9
teapest4_c1_01,TeaPest-4,1,茶炭疽,Tea anthracnose,images/teapest4/teapest4_c1_01.jpg,val__tp4_c106afd3b089b0f68a9964fb,val,密集叶丛中少数叶片可见零散灰褐色至褐色干枯样不规则斑块。,少数叶片可见灰褐色至褐色不规则斑块，部分斑块呈干枯样，边界不规则。,斑块零散位于画面中部、左下部及右侧的少数叶片叶面和叶缘附近。,多片叶片中仅少数叶片局部小面积可见变色斑块。,多数叶片绿色且较完整；少数叶片局部有干枯样变色。,[病斑] 少数叶片可见灰褐色至褐色不规则斑块，部分斑块呈干枯样，边界不规则。 [位置与分布] 斑块零散位于画面中部、左下部及右侧的少数叶片叶面和叶缘附近。 [程度与范围] 多片叶片中仅少数叶片局部小面积可见变色斑块。 [叶片状态] 多数叶片绿色且较完整；少数叶片局部有干枯样变色。,c60287599690fe29eab28b028dbdad2be90537721aaaefd1c06dea33d082d504,c60287599690fe29eab28b028dbdad2be90537721aaaefd1c06dea33d082d504
teapest4_c1_02,TeaPest-4,1,茶炭疽,Tea anthracnose,images/teapest4/teapest4_c1_02.jpg,val__tp4_d5a3e522bd32112d57cf931b,val,可见叶片整体绿色，部分叶片可见浅黄色斑驳，个别存在灰色焦枯。病变区域位于画面左侧及上侧，病变较轻，只有个别叶片发作。,部分叶片可见浅黄色斑驳，个别存在灰色焦枯。,病变区域位于画面左侧及上侧。,病变较轻，个别叶片发作,叶片形态完整,[病斑] 部分叶片可见浅黄色斑驳，个别存在灰色焦枯。 [位置与分布] 病变区域位于画面左侧及上侧。 [程度与范围] 病变较轻，个别叶片发作。 [叶片状态] 叶片形态完整。,2c5d2d6a7628b0bb03303190a9e5dc6e32307070136f7b1e134764479eddc0f7,2c5d2d6a7628b0bb03303190a9e5dc6e32307070136f7b1e134764479eddc0f7
teapest4_c2_01,TeaPest-4,2,热害,Heat stress,images/teapest4/teapest4_c2_01.jpg,val__tp4_06da47e62475f858b62da688,val,右侧局部多片叶片呈褐色至红褐色干枯样，部分叶片卷曲皱缩。,右侧多片叶片呈褐色至红褐色，部分叶片整体褐变并显干枯样，边缘不规则。,褐变叶片主要集中在画面右侧枝梢，分布于叶面及叶缘。,画面右侧局部多片叶片受影响，部分单叶褐变面积较大。,部分褐变叶片卷曲、皱缩，局部叶缘干枯。,[病斑] 右侧多片叶片呈褐色至红褐色，部分叶片整体褐变并显干枯样，边缘不规则。 [位置与分布] 褐变叶片主要集中在画面右侧枝梢，分布于叶面及叶缘。 [程度与范围] 画面右侧局部多片叶片受影响，部分单叶褐变面积较大。 [叶片状态] 部分褐变叶片卷曲、皱缩，局部叶缘干枯。,0749faa30413bb08f4061009889b2d0c1f804547c989313502b2a92956cc6372,0749faa30413bb08f4061009889b2d0c1f804547c989313502b2a92956cc6372
teapest4_c2_02,TeaPest-4,2,热害,Heat stress,images/teapest4/teapest4_c2_02.jpg,val__tp4_2e8609e44bac8024d4a65390,val,多片叶片的叶尖和叶缘可见紫褐色至褐色不规则干枯样变色斑块。,多片叶片可见紫褐色至褐色不规则变色斑块，部分斑块呈干枯样，边缘较深。,斑块主要位于叶尖和叶缘附近，少数位于叶面局部；画面左侧及中下部较多。,画面内多片叶片可见局部变色，单片受影响范围不一，部分叶尖或叶缘受影响较明显。,部分叶片叶尖或叶缘褐变、局部干枯；其余可见叶片基本展开。,[病斑] 多片叶片可见紫褐色至褐色不规则变色斑块，部分斑块呈干枯样，边缘较深。 [位置与分布] 斑块主要位于叶尖和叶缘附近，少数位于叶面局部；画面左侧及中下部较多。 [程度与范围] 画面内多片叶片可见局部变色，单片受影响范围不一，部分叶尖或叶缘受影响较明显。 [叶片状态] 部分叶片叶尖或叶缘褐变、局部干枯；其余可见叶片基本展开。,8cacb7f17caf57461b94063ed94fe9a06fefdd7ef936810db94994f9ff5e650c,8cacb7f17caf57461b94063ed94fe9a06fefdd7ef936810db94994f9ff5e650c
teapest4_c3_01,TeaPest-4,3,角胸叶甲,Leaf beetle damage,images/teapest4/teapest4_c3_01.jpg,val__tp4_4ce43f4edcadfb1fb1e8472d,val,多片绿色叶片散布近圆形至不规则孔洞，部分叶缘有缺刻和局部缺失,可见多个近圆形至不规则孔洞，部分孔洞边缘呈浅褐色或浅色,孔洞分布于多片叶片的叶面及部分叶缘，呈零散分布,画面内多片叶片可见局部缺损，部分叶片有多个孔洞,部分叶片局部缺失，叶缘可见少量不规则缺刻,[病斑] 可见多个近圆形至不规则孔洞，部分孔洞边缘呈浅褐色或浅色。 [位置与分布] 孔洞分布于多片叶片的叶面及部分叶缘，呈零散分布。 [程度与范围] 画面内多片叶片可见局部缺损，部分叶片有多个孔洞。 [叶片状态] 部分叶片局部缺失，叶缘可见少量不规则缺刻。,7c4aad33e70bde9758efc446bbe453e79315a1dd543e7b8c14f98091b556ad83,7c4aad33e70bde9758efc446bbe453e79315a1dd543e7b8c14f98091b556ad83
teapest4_c3_02,TeaPest-4,3,角胸叶甲,Leaf beetle damage,images/teapest4/teapest4_c3_02.jpg,val__tp4_e34361d0b8c426609bd00605,val,画面可见大面积非健康叶片，叶片形状残破，大量叶片只剩叶脉。,存在黑色斑点,病斑位于画面右上角,大面积的非健康叶片,叶片形状残破，大量叶片只剩叶脉,[病斑] 存在黑色斑点。 [位置与分布] 病斑位于画面右上角。 [程度与范围] 大面积的非健康叶片。 [叶片状态] 叶片形状残破，大量叶片只剩叶脉。,0fb565563f912bd149ff48165e386f102703bdc27d4db1f5f15b675001dc3ac8,0fb565563f912bd149ff48165e386f102703bdc27d4db1f5f15b675001dc3ac8
mdcld_c0_01,MDCLD,0,南方锈病,Southern rust,images/mdcld/mdcld_c0_01.jpg,mdcld__train__mdcldts_v1_00528,train,绿色叶片上密集散布浅黄褐色至淡白色小斑点，局部连成浅色斑块，叶缘有轻微破损,叶面散布大量浅黄褐色、橙褐色至淡白色小斑点，多为圆形或不规则形，部分中央较浅、边缘较深，局部相互连成不规则浅色斑块,主要位于前景叶片叶面中央及两侧，局部成簇分布,可见叶片大范围分布，斑点数量多且较密集，中央区域局部连片,叶片整体绿色，局部褪色；叶缘可见轻微缺刻或破损,[病斑] 叶面散布大量浅黄褐色、橙褐色至淡白色小斑点，多为圆形或不规则形，部分中央较浅、边缘较深，局部相互连成不规则浅色斑块。 [位置与分布] 主要位于前景叶片叶面中央及两侧，局部成簇分布。 [程度与范围] 可见叶片大范围分布，斑点数量多且较密集，中央区域局部连片。 [叶片状态] 叶片整体绿色，局部褪色；叶缘可见轻微缺刻或破损。,72e1fa4a7786c483671b41e12f26f92f268476bb3d24accbdc87f955b6f66036,72e1fa4a7786c483671b41e12f26f92f268476bb3d24accbdc87f955b6f66036
mdcld_c0_02,MDCLD,0,南方锈病,Southern rust,images/mdcld/mdcld_c0_02.jpg,mdcld__train__mdcldts_v1_00608,train,绿色叶片上散布较多黄褐色至橙黄色细小圆形斑点，部分斑点中心较浅。,叶面散布较多细小的黄褐色至橙黄色圆形斑点，部分斑点中央较浅、边缘颜色较深。,斑点分布于可见叶片叶面两侧，靠近中脉及叶缘处均可见，整体呈零散分布。,可见多片叶片有斑点，主要叶片上分布较广、数量较多。,叶片整体绿色且较平展，未见明显卷曲、孔洞或大面积干枯。,[病斑] 叶面散布较多细小的黄褐色至橙黄色圆形斑点，部分斑点中央较浅、边缘颜色较深。 [位置与分布] 斑点分布于可见叶片叶面两侧，靠近中脉及叶缘处均可见，整体呈零散分布。 [程度与范围] 可见多片叶片有斑点，主要叶片上分布较广、数量较多。 [叶片状态] 叶片整体绿色且较平展，未见明显卷曲、孔洞或大面积干枯。,8cbcb8a000ce591ac7f84bdd90e13f3c3b8739804f22f783676601f9199cb1a3,8cbcb8a000ce591ac7f84bdd90e13f3c3b8739804f22f783676601f9199cb1a3
mdcld_c1_01,MDCLD,1,圆斑病,Eyespot,images/mdcld/mdcld_c1_01.jpg,mdcld__train__mdcldts_v1_01056,train,绿色叶片局部可见黄色至黄褐色细长小斑点，主要分布在叶脉附近及一侧,叶面可见较多黄色至黄褐色小斑点，部分呈细长形，边缘较清晰，主要沿叶脉及叶脉一侧分布,主要位于可见叶片中部至叶尖的一侧，沿叶脉附近及叶面零散分布,局部可见，斑点稀疏至中等密度，未见大面积连片,叶片整体绿色，表面基本完整，未见明显卷曲、孔洞或萎蔫,[病斑] 叶面可见较多黄色至黄褐色小斑点，部分呈细长形，边缘较清晰，主要沿叶脉及叶脉一侧分布。 [位置与分布] 主要位于可见叶片中部至叶尖的一侧，沿叶脉附近及叶面零散分布。 [程度与范围] 局部可见，斑点稀疏至中等密度，未见大面积连片。 [叶片状态] 叶片整体绿色，表面基本完整，未见明显卷曲、孔洞或萎蔫。,6a74d429dcc99093db04336a1a63cce7ace36e2a5369f9dca89eeda398e605d6,6a74d429dcc99093db04336a1a63cce7ace36e2a5369f9dca89eeda398e605d6
mdcld_c1_02,MDCLD,1,圆斑病,Eyespot,images/mdcld/mdcld_c1_02.jpg,mdcld__train__mdcldts_v1_01069,train,绿色叶片上密集散布黄褐色至橙褐色细长和不规则小斑，局部可见浅褐色干枯区域。,叶面可见大量黄褐色至橙褐色小斑，形状多为细长或不规则，部分颜色较深，边缘较清晰；右侧可见一处较长的浅褐色干枯区域,主要分布于前景叶片中部至下部叶面，呈零散至较密集分布,单片可见叶片的大部分区域，斑点数量较多但未见大面积连片,叶片整体绿色，局部褐变和干枯，叶片边缘及表面未见明显孔洞,[病斑] 叶面可见大量黄褐色至橙褐色小斑，形状多为细长或不规则，部分颜色较深，边缘较清晰；右侧可见一处较长的浅褐色干枯区域。 [位置与分布] 主要分布于前景叶片中部至下部叶面，呈零散至较密集分布。 [程度与范围] 单片可见叶片的大部分区域，斑点数量较多但未见大面积连片。 [叶片状态] 叶片整体绿色，局部褐变和干枯，叶片边缘及表面未见明显孔洞。,48b3c0dc450204ef4147ecf425cb126905abb9c3eb533f7746a9eaa6d29c0cd8,48b3c0dc450204ef4147ecf425cb126905abb9c3eb533f7746a9eaa6d29c0cd8
mdcld_c2_01,MDCLD,2,大斑病,Northern leaf blight,images/mdcld/mdcld_c2_01.jpg,mdcld__train__mdcldts_v1_00121,train,绿色叶片上可见少量浅褐色细长变色斑及零散细小黄绿色斑点。,可见浅褐色至褐色细长变色斑，部分呈狭长条状，边缘较深；叶面另有少量细小黄绿色斑点,主要位于前景叶片叶面中部及靠近叶缘处，邻近叶片上也可见类似细长变色斑,多片可见叶片局部有少量斑块，整体分布较稀疏,叶片整体绿色，形态较完整，未见明显卷曲或萎蔫,[病斑] 可见浅褐色至褐色细长变色斑，部分呈狭长条状，边缘较深；叶面另有少量细小黄绿色斑点。 [位置与分布] 主要位于前景叶片叶面中部及靠近叶缘处，邻近叶片上也可见类似细长变色斑。 [程度与范围] 多片可见叶片局部有少量斑块，整体分布较稀疏。 [叶片状态] 叶片整体绿色，形态较完整，未见明显卷曲或萎蔫。,ccc961ff3af6301c8d47faece124259e6572188813314462e3e21465a4cb03bc,ccc961ff3af6301c8d47faece124259e6572188813314462e3e21465a4cb03bc
mdcld_c2_02,MDCLD,2,大斑病,Northern leaf blight,images/mdcld/mdcld_c2_02.jpg,mdcld__val__mdcldts_v1_00300,val,绿色叶片上散布多处浅褐色至黄褐色细长不规则变色斑块，局部呈干枯状,叶面可见多处浅褐色至黄褐色细长不规则变色斑块，部分区域呈干枯状，边缘较模糊,主要分布在前景叶片叶面中央及叶缘附近，呈零散分布,单片可见叶片上多处出现，局部斑块较长并相互邻近，叶片大部分仍为绿色,叶片整体绿色，局部褪色并呈干枯变色，叶缘有少量破损,[病斑] 叶面可见多处浅褐色至黄褐色细长不规则变色斑块，部分区域呈干枯状，边缘较模糊。 [位置与分布] 主要分布在前景叶片叶面中央及叶缘附近，呈零散分布。 [程度与范围] 单片可见叶片上多处出现，局部斑块较长并相互邻近，叶片大部分仍为绿色。 [叶片状态] 叶片整体绿色，局部褪色并呈干枯变色，叶缘有少量破损。,b0cb89c178c2122f85996683f0e1e82a467f2a852279b064cdef9090faa7536b,b0cb89c178c2122f85996683f0e1e82a467f2a852279b064cdef9090faa7536b
mdcld_c3_01,MDCLD,3,小斑病,Southern leaf blight,images/mdcld/mdcld_c3_01.jpg,mdcld__train__mdcldts_v1_01527,train,绿色叶片上可见多处浅黄白色至淡褐色的纵向细长条状变色及少量浅色点状痕迹。,叶面可见多处浅黄白色至淡褐色的细长不规则条状变色，部分呈擦痕样，边缘不一；另有少量细小浅色点状斑,主要位于前景叶片叶面中央及叶脉附近，沿叶片纵向零散分布，其他可见叶片上也有类似痕迹,多片可见叶片局部受影响，条状痕迹零散分布，部分区域较集中,叶片整体绿色，基本平展完整，局部可见褪色条状痕迹，未见明显卷曲或大面积干枯,[病斑] 叶面可见多处浅黄白色至淡褐色的细长不规则条状变色，部分呈擦痕样，边缘不一；另有少量细小浅色点状斑。 [位置与分布] 主要位于前景叶片叶面中央及叶脉附近，沿叶片纵向零散分布，其他可见叶片上也有类似痕迹。 [程度与范围] 多片可见叶片局部受影响，条状痕迹零散分布，部分区域较集中。 [叶片状态] 叶片整体绿色，基本平展完整，局部可见褪色条状痕迹，未见明显卷曲或大面积干枯。,5c86abfd72cbd4437a5ab82bfbc520de3f84057863929a50a1a623c6b784f2c8,5c86abfd72cbd4437a5ab82bfbc520de3f84057863929a50a1a623c6b784f2c8
mdcld_c3_02,MDCLD,3,小斑病,Southern leaf blight,images/mdcld/mdcld_c3_02.jpg,mdcld__val__mdcldts_v1_01496,val,绿色叶片上可见多条浅褐灰白色纵向条状变色和连片干枯斑块，局部叶片卷曲破损。,叶面可见多条浅褐色至灰白色细长条状变色和不规则干枯斑块，部分斑块相互连接，边缘有的较清晰，未见明确内部纹理,主要位于可见叶片中部及叶缘附近，沿叶片纵向分布，其他叶片上也可见零散条状斑痕,单片叶局部至较大面积受影响，部分区域斑块密集并连片；其他可见叶片局部出现少量斑痕,叶片局部干枯、褪色、卷曲并有破损，整体仍有绿色区域,[病斑] 叶面可见多条浅褐色至灰白色细长条状变色和不规则干枯斑块，部分斑块相互连接，边缘有的较清晰，未见明确内部纹理。 [位置与分布] 主要位于可见叶片中部及叶缘附近，沿叶片纵向分布，其他叶片上也可见零散条状斑痕。 [程度与范围] 单片叶局部至较大面积受影响，部分区域斑块密集并连片；其他可见叶片局部出现少量斑痕。 [叶片状态] 叶片局部干枯、褪色、卷曲并有破损，整体仍有绿色区域。,4c43cb47869cb724a7a0c1aa26ce4cfb2e8217d5812479621ece948ba07b4298,4c43cb47869cb724a7a0c1aa26ce4cfb2e8217d5812479621ece948ba07b4298
mdcld_c4_01,MDCLD,4,弯孢霉叶斑病,Curvularia leaf spot,images/mdcld/mdcld_c4_01.jpg,mdcld__train__mdcldts_v1_00949,train,绿色叶面中部叶脉附近可见一个中央浅色、边缘较深的圆形小斑。,可见一个圆形浅褐黄色小斑，中央较浅，边缘较深且较清晰。,位于可见叶面中部偏下、叶脉附近。,局部小面积，仅见单个小斑。,叶片整体绿色，可见平行叶脉；未见明显卷曲、孔洞或大面积干枯。,[病斑] 可见一个圆形浅褐黄色小斑，中央较浅，边缘较深且较清晰。 [位置与分布] 位于可见叶面中部偏下、叶脉附近。 [程度与范围] 局部小面积，仅见单个小斑。 [叶片状态] 叶片整体绿色，可见平行叶脉；未见明显卷曲、孔洞或大面积干枯。,96ee5dba4c4fd16d56d9b022dcf1a5188bc8f055402b6e335c95a2c1087c2f77,96ee5dba4c4fd16d56d9b022dcf1a5188bc8f055402b6e335c95a2c1087c2f77
mdcld_c4_02,MDCLD,4,弯孢霉叶斑病,Curvularia leaf spot,images/mdcld/mdcld_c4_02.jpg,mdcld__train__mdcldts_v1_00966,train,绿色叶片表面散布多个黄绿色至黄色小斑点，部分中央浅色并带较深边缘，局部有褐色斑块。,叶面可见多个黄绿色至黄色小斑点，部分近圆形，中央浅白色或浅黄色，边缘较深；右下方可见一处不规则褐色斑块,分布于可见叶片表面，呈零散分布,单片可见叶片上有多处散在斑点，局部较密集，未见明显大面积连片,叶片整体绿色，表面完整；局部可见褐色变色区域,[病斑] 叶面可见多个黄绿色至黄色小斑点，部分近圆形，中央浅白色或浅黄色，边缘较深；右下方可见一处不规则褐色斑块。 [位置与分布] 分布于可见叶片表面，呈零散分布。 [程度与范围] 单片可见叶片上有多处散在斑点，局部较密集，未见明显大面积连片。 [叶片状态] 叶片整体绿色，表面完整；局部可见褐色变色区域。,360e0a86dcc10621c27d487163a7b083933a17a00d0dd2fb447254f5314f18c1,360e0a86dcc10621c27d487163a7b083933a17a00d0dd2fb447254f5314f18c1
mdcld_c5_01,MDCLD,5,普通锈病,Common rust,images/mdcld/mdcld_c5_01.jpg,mdcld__train__mdcldts_v1_00896,train,绿色叶片表面散布较多深褐色小型斑点，部分成簇并局部相连。,叶面可见较多深褐色至褐色的小型椭圆形、条状和不规则斑点，边缘较清晰，部分斑点成簇并局部相连,主要位于前景叶片中部及叶脉两侧，呈零散和局部成簇分布,单片可见叶片上分布较多，局部区域较密集，未见大面积连片,叶片整体绿色，叶面基本完整，未见明显卷曲或萎蔫,[病斑] 叶面可见较多深褐色至褐色的小型椭圆形、条状和不规则斑点，边缘较清晰，部分斑点成簇并局部相连。 [位置与分布] 主要位于前景叶片中部及叶脉两侧，呈零散和局部成簇分布。 [程度与范围] 单片可见叶片上分布较多，局部区域较密集，未见大面积连片。 [叶片状态] 叶片整体绿色，叶面基本完整，未见明显卷曲或萎蔫。,7aa63af010de8e17ca8a4133a16a1773d4dd12467d1a0a3cb6d98627c5f4f4a9,7aa63af010de8e17ca8a4133a16a1773d4dd12467d1a0a3cb6d98627c5f4f4a9
mdcld_c5_02,MDCLD,5,普通锈病,Common rust,images/mdcld/mdcld_c5_02.jpg,mdcld__val__mdcldts_v1_00746,val,绿色叶面上散布多个黄色至黄褐色狭长斑块，部分中央可见深褐色小点。,叶面可见多个黄色至黄褐色的椭圆形或狭长斑块，部分中央有深褐色小点，边缘较清晰。,分布于可见叶面，部分沿叶脉方向排列。,单片叶局部可见多处斑块，分布较零散，未见大面积连片。,叶片整体绿色，局部有黄色变色；未见明显卷曲、孔洞或萎蔫。,[病斑] 叶面可见多个黄色至黄褐色的椭圆形或狭长斑块，部分中央有深褐色小点，边缘较清晰。 [位置与分布] 分布于可见叶面，部分沿叶脉方向排列。 [程度与范围] 单片叶局部可见多处斑块，分布较零散，未见大面积连片。 [叶片状态] 叶片整体绿色，局部有黄色变色；未见明显卷曲、孔洞或萎蔫。,fa838729fcb2f26b3409031512f92f6e61abba6e2fc89e376e2ac62573c02f6c,fa838729fcb2f26b3409031512f92f6e61abba6e2fc89e376e2ac62573c02f6c
mdcld_c6_01,MDCLD,6,灰斑病,Gray leaf spot,images/mdcld/mdcld_c6_01.jpg,mdcld__train__mdcldts_v1_01259,train,绿色叶片上可见多处零散的黄褐色至褐色细长纵向变色斑,叶面可见多处黄褐色至褐色细长条状变色斑，部分中央颜色较深，边缘较清晰，沿叶片纵向分布,主要位于可见叶片中部及靠近叶缘区域，呈零散分布,单片可见叶片局部受影响，斑块数量较少且分散,叶片整体保持绿色，局部有黄化和褐色变色，未见明显孔洞或卷曲,[病斑] 叶面可见多处黄褐色至褐色细长条状变色斑，部分中央颜色较深，边缘较清晰，沿叶片纵向分布。 [位置与分布] 主要位于可见叶片中部及靠近叶缘区域，呈零散分布。 [程度与范围] 单片可见叶片局部受影响，斑块数量较少且分散。 [叶片状态] 叶片整体保持绿色，局部有黄化和褐色变色，未见明显孔洞或卷曲。,a11f2b45f829bab9752af5458cf59fc4fd0e11a29b626d23da549a72e83c1873,a11f2b45f829bab9752af5458cf59fc4fd0e11a29b626d23da549a72e83c1873
mdcld_c6_02,MDCLD,6,灰斑病,Gray leaf spot,images/mdcld/mdcld_c6_02.jpg,mdcld__train__mdcldts_v1_01365,train,绿色叶片上密布浅黄褐色纵向条状变色和不规则褐色斑块，局部干枯并伴有叶缘破损,叶面可见大量浅黄褐色至褐色细长条状变色区和不规则斑块，部分相连，边缘多较模糊，局部呈浅褐色干枯状,主要分布于可见叶片中部和叶脉两侧，沿叶片纵向散布，部分延伸至叶缘,单片可见叶片的大部分区域受影响，变色区较密集，局部连片,叶片主体仍为绿色，局部褪色、干枯，叶缘可见缺刻和破损,[病斑] 叶面可见大量浅黄褐色至褐色细长条状变色区和不规则斑块，部分相连，边缘多较模糊，局部呈浅褐色干枯状。 [位置与分布] 主要分布于可见叶片中部和叶脉两侧，沿叶片纵向散布，部分延伸至叶缘。 [程度与范围] 单片可见叶片的大部分区域受影响，变色区较密集，局部连片。 [叶片状态] 叶片主体仍为绿色，局部褪色、干枯，叶缘可见缺刻和破损。,b3e6325bfe7102017fcf050af826c93542b5637d67d7568609e6c19fc2f7bdba,b3e6325bfe7102017fcf050af826c93542b5637d67d7568609e6c19fc2f7bdba
mdcld_c7_01,MDCLD,7,矮花叶病,Maize dwarf mosaic disease,images/mdcld/mdcld_c7_01.jpg,mdcld__train__mdcldts_v1_01149,train,近距离可见绿色叶片，表面完整并具有明显纵向纹理，未见清晰斑块,较宽的褪绿条纹,叶片表面，向全叶扩展,由局部逐渐扩展至全叶,叶片整体绿色，表面完整，可见纵向纹理,[病斑] 较宽的褪绿条纹。 [位置与分布] 叶片表面，向全叶扩展。 [程度与范围] 由局部逐渐扩展至全叶。 [叶片状态] 叶片整体绿色，表面完整，可见纵向纹理。,2c701f8986efca78d642de5c8ab0bf14aff34dcc78cfeb43a5db04b4089dcec0,2c701f8986efca78d642de5c8ab0bf14aff34dcc78cfeb43a5db04b4089dcec0
mdcld_c7_02,MDCLD,7,矮花叶病,Maize dwarf mosaic disease,images/mdcld/mdcld_c7_02.jpg,mdcld__val__mdcldts_v1_01133,train,近距离可见绿色且表面基本完整的叶片，中央叶脉和纵向叶脉清晰,叶面可见浅黄绿色纵向条带，颜色较浅，边缘较模糊，沿叶片纵向分布；中央叶脉处有明显浅色高光,主要位于叶片右侧叶面，沿叶脉方向分布,局部可见，条带较稀疏，范围较小至中等,叶片整体绿色，叶脉清晰，表面基本完整，未见明显卷曲或黄化,[病斑] 叶面可见浅黄绿色纵向条带，颜色较浅，边缘较模糊，沿叶片纵向分布；中央叶脉处有明显浅色高光。 [位置与分布] 主要位于叶片右侧叶面，沿叶脉方向分布。 [程度与范围] 局部可见，条带较稀疏，范围较小至中等。 [叶片状态] 叶片整体绿色，叶脉清晰，表面基本完整，未见明显卷曲或黄化。,c71dc512dc586312aca44ccd926d212e6bbc383ef4d42be566ae98223a4bd1cb,c71dc512dc586312aca44ccd926d212e6bbc383ef4d42be566ae98223a4bd1cb
mdcld_c8_01,MDCLD,8,褐斑病,Brown spot,images/mdcld/mdcld_c8_01.jpg,mdcld__train__mdcldts_v1_00442,train,深绿色叶片上密布黄白色点状斑，局部沿叶片纵向有灰褐色至深褐色连片干枯斑块。,叶面密布黄白色细小点状斑，局部有较大的灰褐色至深褐色不规则长条状干枯斑块，斑块边缘颜色较深。,点状斑分布于画面中央叶片的大部分叶面；较大褐色斑块位于叶片一端至中部，并沿叶片纵向延伸。,单片叶受影响面积较大，点状斑较密集，局部斑块连片。,叶片整体深绿色，局部黄化、褪绿及干枯变褐；叶片一端可见枯褐色区域。,[病斑] 叶面密布黄白色细小点状斑，局部有较大的灰褐色至深褐色不规则长条状干枯斑块，斑块边缘颜色较深。 [位置与分布] 点状斑分布于画面中央叶片的大部分叶面；较大褐色斑块位于叶片一端至中部，并沿叶片纵向延伸。 [程度与范围] 单片叶受影响面积较大，点状斑较密集，局部斑块连片。 [叶片状态] 叶片整体深绿色，局部黄化、褪绿及干枯变褐；叶片一端可见枯褐色区域。,ce232b5e42c33cc1e7e86cdbdcd8aeeb34254512a38faa7e317134652a6f4b43,ce232b5e42c33cc1e7e86cdbdcd8aeeb34254512a38faa7e317134652a6f4b43
mdcld_c8_02,MDCLD,8,褐斑病,Brown spot,images/mdcld/mdcld_c8_02.jpg,mdcld__train__mdcldts_v1_00472,train,前景绿色叶片上密布浅黄色细小斑点，局部有纵向灰白褐色不规则斑块，叶缘可见缺刻和小孔洞。,叶面可见大量浅黄色至黄白色细小斑点，局部有沿叶片纵向分布的灰白色至褐色不规则斑块，部分区域边缘较深,主要位于前景叶片的叶面中央及叶脉附近，部分延伸至叶缘,前景叶片局部至较大面积可见斑点和斑块，其他可见叶片上有少量浅色斑点,叶片整体绿色，局部褪绿、变白和干枯；叶缘可见缺刻和小孔洞,[病斑] 叶面可见大量浅黄色至黄白色细小斑点，局部有沿叶片纵向分布的灰白色至褐色不规则斑块，部分区域边缘较深。 [位置与分布] 主要位于前景叶片的叶面中央及叶脉附近，部分延伸至叶缘。 [程度与范围] 前景叶片局部至较大面积可见斑点和斑块，其他可见叶片上有少量浅色斑点。 [叶片状态] 叶片整体绿色，局部褪绿、变白和干枯；叶缘可见缺刻和小孔洞。,424da333e6c3167ee5b2a7132b0a02bc8783f27cfdf3090cf384c0019e68be83,424da333e6c3167ee5b2a7132b0a02bc8783f27cfdf3090cf384c0019e68be83
